<?xml version="1.0" encoding="utf-8"?>
<registrados>
	<usuario nro="1">

		<nombre>USR1</nombre>
		<clave>clave1</clave>	
	</usuario>
	
	
	<usuario nro="2">
		<nombre>USR2</nombre>
		<clave>clave2</clave>	
	</usuario>
	
	<usuario nro="3">
		<nombre>USR3</nombre>
		<clave>clave3</clave>
		
	</usuario>
	
	<usuario nro="4">
		<nombre>USR4</nombre>
		<clave>clave4</clave>
		
	</usuario>
	
	<usuario nro="5">
		<nombre>CANDIDO</nombre>
		<clave>VIDAL</clave>
		
	</usuario>
	
	
	
	
	
	
	
	
	
	
	
	
	
	
</registrados>