<?xml version="1.0" encoding="UTF-8"?>
<bookstore xmlns:xsi="http://www.w3.org/2001/XMLSchema-instance" xsi:noNamespaceSchemaLocation="file:///C:/XAMPP/htdocs/profesorcarlos.es/2022/xml-dam/books.xsd">

<book category="cooking">
  <title lang="en"></title>
  <author>Giada De Laurentiis</author>
  <year>2005</year>
  <price moneda="¥">30.00</price>
</book>

<book category="children">
  <title lang="en">Harry Potter</title>
  <author>J K. Rowling</author>
  <year>2005</year>
  <price moneda="€">29.99</price>
</book>

<book category="web">
  <title lang="en">XQuery Kick Start</title>
  <author>James McGovern</author>
  <author>Per Bothner</author>
  <author>Kurt Cagle</author>
  <author>James Linn</author>
  <author>Vaidyanathan Nagarajan</author>
  <year>2003</year>
  <price moneda="€">49.99</price>
</book>

<book category="web" cover="paperback">
  <title lang="en">Learning XML</title>
  <author>Erik T. Ray</author>
  <year>2003</year>
  <price moneda="¥">39.95</price>
</book>

</bookstore>